NO,NO2,NOx,NH3,CO,SO2
20.1797690327359,30.714163773704612,38.682725461206644,31.178583360059157,0.9261086147817564,17.304911294975533
23.35784511303944,35.34895045210902,42.928295677705,34.46312633669841,1.2370325691447748,18.44209971577723
24.387233009114176,32.738661848698534,47.319758738142646,34.30293946794245,1.3646399030676903,17.995590241494376
